﻿<?xml version="1.0" encoding="utf-8" standalone="no"?>
<application xmlns="http://ns.adobe.com/air/application/3.5">
  <!-- A universally unique application identifier. Must be unique across all AIR applications.
	Using a reverse DNS-style name as the id is recommended. (Eg. com.example.ExampleApplication.) Required. -->
  <id>com.amazon.airgc2</id>
  <!-- Used as the filename for the application. Required. -->
  <filename>GameCircleEx2</filename>
  <!-- The name that is displayed in the AIR application installer. -->
  <name>GameCircleEx2</name>
  <!-- A string value of the format <0-999>.<0-999>.<0-999> 
	It MUST be three parts separated by periods. Required. -->
  <versionNumber>2.0.0</versionNumber>
  <!-- A string value (such as "v1", "2.5", or "Alpha 1") that represents the version of the 
	application, as it should be shown to users. Optional. -->
  <versionLabel>v2.0.0</versionLabel>
  <!-- Settings for the application's initial window. Required. -->
  <initialWindow>
    <!-- The main SWF or HTML file of the application. Required. -->
    <content>anesample.swf</content>
    <!-- Should the app figure out which way to orient itself? -->
    <autoOrients>true</autoOrients>
    <!-- What is the standard aspect ratio, landscape or portrait? -->
    <aspectRatio>portrait</aspectRatio>
    <renderMode>cpu</renderMode>
    <fullScreen>true</fullScreen>
    <systemChrome>standard</systemChrome>
  </initialWindow>
  
 <android>
        <manifestAdditions><![CDATA[
			<manifest android:installLocation="auto">
			    <uses-permission android:name="android.permission.INTERNET"/>
				<uses-permission android:name="android.permission.ACCESS_NETWORK_STATE"/>
				<uses-permission android:name="android.permission.WRITE_EXTERNAL_STORAGE"/>
				
				<application>
					        <activity android:name="com.amazon.ags.html5.overlay.GameCircleUserInterface"
								android:theme="@style/GCOverlay" 
								android:hardwareAccelerated="false">
							</activity>
							<activity android:name="com.amazon.ags.html5.overlay.GameCircleAlertUserInterface" 
									android:theme="@style/GCAlert" 
									android:hardwareAccelerated="false">
							</activity>
 
						<activity
						  android:name="com.amazon.identity.auth.device.authorization.AuthorizationActivity"
						  android:theme="@android:style/Theme.NoDisplay"
						  android:allowTaskReparenting="true"
						  android:launchMode="singleTask">
						  <intent-filter>
							<action android:name="android.intent.action.VIEW" />
							<category android:name="android.intent.category.DEFAULT" />
							<category android:name="android.intent.category.BROWSABLE" />
							<data android:host="air.com.amazon.airgc2" android:scheme="amzn" />
							</intent-filter>
						</activity>
						 
						<receiver
						  android:name="com.amazon.identity.auth.device.authorization.PackageIntentReceiver"
						  android:enabled="true">
						   <intent-filter>
							<action android:name="android.intent.action.PACKAGE_INSTALL" />
							<action android:name="android.intent.action.PACKAGE_ADDED" />
							<data android:scheme="package" />
						  </intent-filter>
						</receiver>
				</application>
			</manifest>
			
		]]></manifestAdditions>
    </android>
	
	<iPhone>

<InfoAdditions> 
	<![CDATA[ 
<key>APIKey</key>
<string>PUT YOUR API KEY HERE</string>
<key>UIDeviceFamily</key> 
<array> 
    <string>1</string> 
    <string>2</string> 
</array>
<key>CFBundleURLTypes</key>
	<array>
		<dict>
			<key>CFBundleURLSchemes</key>
			<array>
				<string>amzn-com.amazon.airgc2</string>
			</array>
			<key>CFBundleTypeRole</key>
			<string>Viewer</string>
			<key>CFBundleURLName</key>
			<string>com.amazon.airgc2</string>
		</dict>
	</array>
]]>

</InfoAdditions>
</iPhone>
	

  <extensions>
    <extensionID>com.amazon.extensions.GameCircle</extensionID>
  </extensions>
</application>